etfCode,name,cmp,the20Dma,change20DmaVsCmp,changePercentage,dailyAverageVolumeInLast30Days,dailyAverageVolumeInLast90Days,dailyAverageVolumeInLast365Days,type
NSE:ALPHA,NIFTY Alpha 50,51.24,49.586499999999994,0.03334576951387991,2.32,1355220.1818181819,1790460.5762711863,1352904.7206477732,Equity
NSE:ALPHAETF,NIFTY 200 Alpha 30,25.67,25.421,0.009795051335510063,0.2,528795.5,660957.051724138,616302.6910569106,Equity
NSE:ALPL30IETF,NIFTY Alpha Low-Volatility 30,26.67,26.651000000000003,0.0007129188398182773,0.76,915625.7272727273,1269101.9830508474,1211974.8906882592,Equity
NSE:AUTOBEES,NIFTY Auto,267.32,268.785,-0.005450452964265273,0.02,374018.6818181818,379505.0344827586,316623.2804878049,Equity
NSE:BAJFINANCE,Bajaj Finance Ltd,916.55,930.1299999999999,-0.014600109662090133,0.98,7714185.136363637,9365362.051724138,7495647.174796748,Stocks
NSE:BANKBEES,NIFTY Bank,560.6,563.6945,-0.005489675701997987,1.48,1129633.5,1335105.8305084745,776397.8461538461,Equity
NSE:BFSI,NIFTY Financial Services,26.5,26.563,-0.0023717200617400236,1.42,384089.5909090909,546731.186440678,398502.6275303644,Equity
NSE:BHARTIARTL,Bharti Airtel Ltd,1872.7,1849.4599999999998,0.01256583002606182,-0.67,9548353.363636363,10213179.813559322,7437569.562753037,Stocks
NSE:BSE500IETF,S&P BSE 500,38.27,38.29950000000001,-0.0007702450423636709,0.39,298315.95454545453,412058.4310344828,331687.756097561,Equity
NSE:COMMOIETF,NIFTY Commodities,104.1,104.46750000000002,-0.003517840476703449,-0.04,148415.72727272726,119361.29824561403,146128.73469387754,Equity
NSE:CONSUMBEES,NIFTY India Consumption,125.57,126.554,-0.007775337010288208,0.06,91631.09090909091,145421.28813559323,148993.38461538462,Equity
NSE:CONSUMER,NIFTY India New Age Consumption,10.95,10.958000000000002,-0.0007300602299692427,0.18,217928.72727272726,336674.15789473685,249640.95102040816,Equity
NSE:CPSEETF,CPSE ETF,103.82,106.3045,-0.023371541185932987,-0.82,1550540.0454545454,2065480.8983050848,1608781.7327935223,Equity
NSE:DIVOPPBEES,NIFTY Dividend Opportunities 50 TRI,78.6,78.86350000000002,-0.0033412161519590367,1.07,52002.27272727273,84486.59322033898,77745.46558704453,Equity
NSE:EMULTIMQ,NIFTY 500 Multicap Momentum Quality 50,42.46,42.271,0.004471150434103732,1.48,49091.681818181816,66136.72881355933,71254.71255060729,Equity
NSE:EQUAL50ADD,NIFTY 50 Equal Weight,337.5,336.5224999999999,0.0029047091947791426,0.29,131897.36363636365,167317.89830508476,102448.97165991903,Equity
NSE:ESG,NIFTY 100 ESG SECTOR LEADERS,40.58,40.7165,-0.0033524492527600147,0.69,48997.86363636364,44567.71186440678,31527.44939271255,Equity
NSE:EVINDIA,NIFTY EV and New Age Automotive,30.22,30.162999999999993,0.0018897324536686355,0.47,284432.0,284264.0,247522.2145748988,Equity
NSE:FINIETF,NIFTY Financial Services Ex-Bank,32.28,31.995499999999993,0.008891875419981154,1.19,499342.7272727273,669231.9491525424,592072.3846153846,Equity
NSE:FMCGIETF,NIFTY FMCG,53.65,54.47700000000001,-0.015180718468344678,-0.33,1458395.0909090908,1618914.0350877193,1487846.9795918367,Equity
NSE:GOLDBEES,Nippon India ETF Gold BeES,130.56,126.2885,0.03382334891933958,-0.14,30546835.681818184,48826598.93220339,43342098.55870445,Jewellery
NSE:HDFCBANK,HDFC Bank Ltd,769.0,772.5174999999998,-0.004553294909176553,1.3,33996367.45454545,45564924.152542375,24091797.032388665,Stocks
NSE:HDFCSILVER,HDFC Silver ETF,252.67,242.83200000000002,0.040513606114515266,0.31,4965478.545454546,6972381.847457627,6785538.5951417005,Jewellery
NSE:HDFCSML250,NIFTY Smallcap 250,168.9,169.51799999999997,-0.0036456305525075505,-0.04,2373042.0454545454,2817305.649122807,1592272.2897959184,Equity
NSE:HEALTHIETF,NIFTY Healthcare,160.7,157.44,0.02070630081300817,-1.6,180209.77272727274,148311.16949152542,103132.28744939271,Equity
NSE:HINDUNILVR,Hindustan Unilever Ltd,2205.0,2273.0250000000005,-0.029927079552578895,1.19,1800528.7727272727,2000318.2881355933,1679813.6032388664,Stocks
NSE:ICICIB22,S&P BSE BHARAT 22,120.4,122.75449999999998,-0.01918055957215392,-0.17,608652.2727272727,827492.5789473684,488922.5306122449,Equity
NSE:INFRABEES,NIFTY Infrastructure,967.0,965.1894999999998,0.0018757974470300365,0.18,13374.09090909091,19060.263157894737,14444.277551020408,Equity
NSE:ITBEES,NIFTY IT,32.05,31.89550000000001,0.0048439435030016575,-0.09,18680578.318181816,20253939.59649123,13430295.06122449,Equity
NSE:ITC,ITC Ltd,302.05,307.7275,-0.018449764808150082,-1.95,18034191.40909091,20092462.89473684,19366497.46530612,Stocks
NSE:JUNIORBEES,NIFTY NEXT 50,754.0,755.7714999999998,-0.0023439624277971083,0.59,394324.54545454547,637402.3220338983,400970.46558704454,Equity
NSE:LICI,Life Insurance Corporation of India,813.05,802.965,0.01255970060961542,1.61,2097065.9545454546,1805819.847457627,1448970.3724696357,Stocks
NSE:LOWVOLIETF,NIFTY 100 Low Volatility 30,21.57,21.553499999999996,0.0007655369197581141,0.51,2975249.409090909,2489088.3859649124,2017418.6081632653,Equity
NSE:LT,LT,3933.0,3977.1750000000006,-0.011107130060910242,0.11,2537835.909090909,3600559.4655172415,2147398.548780488,Stocks
NSE:MAKEINDIA,NIFTY India Manufacturing Total Return,160.4,159.496,0.005667853739278694,0.3,48590.13636363636,74705.20338983051,47811.74898785425,Equity
NSE:METALIETF,NIFTY Metal ETF,13.35,13.169,0.013744399726630663,0.38,11325458.681818182,13226596.949152542,12852052.502024291,Equity
NSE:MID150BEES,NIFTY Midcap 150,232.8,230.40349999999998,0.010401317688316425,0.17,944862.5909090909,1502362.2241379311,923507.1544715447,Equity
NSE:MIDCAP,NIFTY Midcap 50,18.0,17.599000000000004,0.0227853855332687,0.9,511461.3181818182,706428.7627118644,213819.7085020243,Equity
NSE:MIDSELIETF,S&P BSE Midcap Select,18.34,18.0895,0.013847812266784443,0.38,257055.9090909091,400335.2068965517,258719.99593495936,Equity
NSE:MIDSMALL,NIFTY MidSmallcap 400 Momentum Quality 100,50.58,50.23900000000001,0.006787555484782493,-0.41,459428.6818181818,562827.8983050848,357338.26720647776,Equity
NSE:MODEFENCE,NIFTY India Defence,99.71,99.4895,0.0022163142844218164,-0.47,3185297.090909091,3803898.8305084747,3201173.129554656,Equity
NSE:MOHEALTH,S&P BSE Healthcare,47.89,46.61,0.027461918043338418,-1.24,152777.0909090909,110428.66101694915,72083.45344129554,Equity
NSE:MOM100,NIFTY Midcap 100,66.0,65.32300000000001,0.010363884083707031,0.09,518052.8181818182,658253.6206896552,508315.2967479675,Equity
NSE:MOM30IETF,NIFTY 200 Momentum 30,30.87,30.906,-0.0011648223645893685,0.88,1231974.9090909092,2405200.1694915253,1542569.5829959514,Equity
NSE:MOMENTUM50,NIFTY 500 Momentum 50,52.39,51.938,0.008702683969348035,0.71,596064.2727272727,902228.9152542372,565382.2712550607,Equity
NSE:MONIFTY500,NIFTY 500,23.2,23.155500000000004,0.0019217896396102052,1.0,632696.2727272727,1136721.3620689656,630379.7073170731,Equity
NSE:MOREALTY,NIFTY Realty,77.37,78.63250000000001,-0.016055702158776608,-0.04,998290.5454545454,966399.6271186441,677995.8947368421,Equity
NSE:MOVALUE,S&P BSE Enhanced Value,115.16,116.91300000000001,-0.014994055408722895,0.0,122256.90909090909,221476.71186440677,129221.24696356275,Equity
NSE:MULTICAP,NIFTY 500 Multicap 50:25:25,16.09,16.078,0.0007463614877472047,0.31,270962.5,475933.13559322036,304592.7611336032,Equity
NSE:NIF100BEES,NIFTY 100,260.18,262.37950000000006,-0.008382895767390597,0.08,55745.454545454544,92615.64406779662,49487.663967611334,Equity
NSE:NIFTYBEES,NIFTY 50,269.5,270.351,-0.0031477597641584865,0.48,8805334.772727273,12442459.27586207,7151964.1626016265,Equity
NSE:NV20IETF,NIFTY 50 Value 20,13.76,13.869499999999999,-0.007895021449944029,0.36,788530.5,642821.6440677966,506824.7975708502,Equity
NSE:OILIETF,NIFTY Oil & Gas,11.56,11.647499999999999,-0.007512341704228209,0.26,3882419.727272727,4063538.0,3179061.230769231,Equity
NSE:PHARMABEES,NIFTY Pharma,25.3,24.627000000000006,0.0273277297275345,-0.75,12202309.636363637,8825494.86440678,5441477.2874493925,Equity
NSE:PSUBNKBEES,NIFTY PSU Bank,89.8,92.66950000000001,-0.030964880570198527,0.57,3285383.590909091,3815835.4915254237,3535616.639676113,Equity
NSE:PVTBANIETF,NIFTY Private Bank,26.65,26.4805,0.006400936538207391,1.72,3978317.272727273,4046346.327586207,1869102.105691057,Equity
NSE:QUAL30IETF,NIFTY 200 Quality 30,20.68,20.842999999999996,-0.007820371347694532,-0.58,146653.81818181818,299904.9152542373,188453.03238866397,Equity
NSE:RELIANCE,Reliance Industries Ltd,1358.0,1385.315,-0.019717537166637267,0.62,19001224.954545453,19690838.423728812,12789154.190283401,Stocks
NSE:SBIN,State Bank of India,949.6,1019.7899999999997,-0.06882789593935978,-0.14,17664526.454545453,17960885.22033898,12105805.825910931,Stocks
NSE:SENSEXIETF,Sensex,863.99,871.6874999999998,-0.008830572883056997,0.53,23632.136363636364,43515.69491525424,21001.914979757086,Equity
NSE:SETFGOLD,SBI-ETF Gold,134.6,130.2155,0.03367110674228502,-0.22,5107051.090909091,8178982.457627119,8034893.072874494,Jewellery
NSE:SHARIABEES,Shariah,468.99,465.3795,0.007758184449465411,0.36,7872.363636363636,9950.396551724138,9892.178861788618,Equity
NSE:SILVERBEES,Nippon India Silver ETF,252.4,242.7735,0.03965218609115073,0.17,34796561.5,53308498.327586204,52763967.3902439,Jewellery
NSE:SILVERIETF,ICICI Prudential Silver ETF,263.9,253.27600000000007,0.04194633522323432,0.38,4839655.681818182,7235044.155172414,9348951.487804879,Jewellery
NSE:SMALLCAP,NIFTY Smallcap 250 Momentum Quality 100,44.77,44.72,0.0011180679785331993,-0.93,2451873.909090909,3194329.7118644067,2158652.931174089,Equity
NSE:TATAGOLD,Tata Mutual Fund Tata Gold Exchange Traded Fund,15.32,14.8135,0.034191784520876345,-0.13,70890490.13636364,93019224.42372881,72021691.91902834,Jewellery
NSE:TCS,Tata Consultancy Services Ltd,2317.9,2369.29,-0.0216900421645303,-0.4,4180235.772727273,4126741.5084745763,3226502.71659919,Stocks
NSE:TNIDETF,NIFTY India Digital,81.34,80.59899999999999,0.00919366245238784,0.01,93978.40909090909,108558.05084745762,77181.37246963562,Equity
NSE:TOP10ADD,NIFTY Top 10 Equal Weight,87.25,87.31,-0.0006872065055549825,0.82,215312.13636363635,1110707.9830508474,497068.971659919,Equity
NSE:VAL30IETF,NIFTY 200 Value 30,15.75,15.805999999999997,-0.003542958370238991,0.51,510681.04545454547,814980.406779661,331835.91093117406,Equity
